turbine,latitude,longitude,time,temperature_2m,relative_humidity_2m,surface_pressure,wind_speed_10m,wind_speed_80m,wind_speed_120m,wind_direction_10m,wind_direction_80m,wind_direction_120m,wind_gusts_10m
WT_1,43.645139,78.535611,2026-09-23 13:00:00,26.3,26,952.6,1.4,1.51,1.59,4,356,356,5.4
WT_1,43.645139,78.535611,2026-09-23 14:00:00,27.0,24,952.0,2.37,2.82,2.95,305,300,300,6.6
WT_1,43.645139,78.535611,2026-09-23 15:00:00,27.0,23,951.7,3.91,4.88,5.11,286,284,284,8.2
WT_1,43.645139,78.535611,2026-09-23 16:00:00,26.1,21,951.7,4.56,5.81,6.08,274,273,273,8.9
WT_1,43.645139,78.535611,2026-09-23 17:00:00,25.1,22,951.8,3.99,5.68,5.95,258,261,261,8.7
WT_1,43.645139,78.535611,2026-09-23 18:00:00,22.8,24,951.5,3.48,6.37,6.67,231,246,246,6.8
WT_1,43.645139,78.535611,2026-09-23 19:00:00,21.5,27,951.8,3.22,6.46,6.77,224,238,238,5.8
WT_1,43.645139,78.535611,2026-09-23 20:00:00,20.5,31,951.8,2.42,5.75,6.02,210,231,231,5.3
WT_1,43.645139,78.535611,2026-09-23 21:00:00,19.9,32,951.6,2.67,6.19,6.48,210,235,235,4.1
WT_1,43.645139,78.535611,2026-09-23 22:00:00,19.8,31,951.3,3.29,6.73,7.05,210,231,231,5.4
WT_1,43.645139,78.535611,2026-09-23 23:00:00,18.7,35,950.6,2.83,5.89,6.17,197,226,226,5.4
WT_1,43.645139,78.535611,2026-09-24 00:00:00,17.2,41,950.2,2.02,4.64,4.85,189,230,230,4.6
WT_1,43.645139,78.535611,2026-09-24 01:00:00,16.3,46,949.7,1.75,3.68,3.85,182,235,235,3.4
WT_1,43.645139,78.535611,2026-09-24 02:00:00,15.4,51,949.2,1.3,2.46,2.58,176,243,243,3.2
WT_1,43.645139,78.535611,2026-09-24 03:00:00,14.5,57,949.1,0.67,0.73,0.77,167,266,266,2.6
WT_1,43.645139,78.535611,2026-09-24 04:00:00,14.1,61,949.0,0.94,0.69,0.73,155,129,129,2.0
WT_1,43.645139,78.535611,2026-09-24 05:00:00,13.2,68,948.8,1.5,1.42,1.49,154,128,128,3.2
WT_1,43.645139,78.535611,2026-09-24 06:00:00,13.1,69,948.9,1.78,2.15,2.25,148,94,94,3.5
WT_1,43.645139,78.535611,2026-09-24 07:00:00,16.9,52,950.4,3.0,4.3,4.51,108,85,85,4.5
WT_1,43.645139,78.535611,2026-09-24 08:00:00,20.2,34,951.2,3.18,4.36,4.57,71,76,76,6.4
WT_1,43.645139,78.535611,2026-09-24 09:00:00,21.6,30,951.3,4.09,5.11,5.35,55,60,60,8.4
WT_1,43.645139,78.535611,2026-09-24 10:00:00,23.1,28,951.3,4.75,5.88,6.16,53,55,55,9.7
WT_1,43.645139,78.535611,2026-09-24 11:00:00,24.7,25,950.9,4.58,5.61,5.87,50,51,51,10.1
WT_1,43.645139,78.535611,2026-09-24 12:00:00,26.1,20,950.3,3.46,4.1,4.29,45,45,45,9.7
WT_1,43.645139,78.535611,2026-09-24 13:00:00,26.9,17,950.0,1.99,2.29,2.4,28,27,27,8.1
WT_1,43.645139,78.535611,2026-09-24 14:00:00,27.4,15,949.5,1.45,1.79,1.88,316,313,313,6.0
WT_1,43.645139,78.535611,2026-09-24 15:00:00,28.0,13,949.2,3.11,3.84,4.03,300,300,300,6.8
WT_1,43.645139,78.535611,2026-09-24 16:00:00,27.2,14,949.1,4.61,5.8,6.08,299,299,299,8.9
WT_1,43.645139,78.535611,2026-09-24 17:00:00,25.7,17,949.4,4.06,6.12,6.41,280,281,281,8.9
WT_1,43.645139,78.535611,2026-09-24 18:00:00,23.2,21,949.4,2.73,6.0,6.28,262,273,273,7.2
WT_1,43.645139,78.535611,2026-09-24 19:00:00,21.8,25,949.9,3.49,6.39,6.69,243,267,267,5.8
WT_1,43.645139,78.535611,2026-09-24 20:00:00,20.9,27,950.4,3.06,5.37,5.62,232,262,262,5.8
WT_1,43.645139,78.535611,2026-09-24 21:00:00,20.2,28,950.4,2.7,4.3,4.5,214,252,252,5.2
WT_1,43.645139,78.535611,2026-09-24 22:00:00,19.8,29,950.2,2.19,3.7,3.88,204,254,254,4.5
WT_1,43.645139,78.535611,2026-09-24 23:00:00,19.5,30,949.9,2.53,3.95,4.14,195,235,235,4.2
WT_1,43.645139,78.535611,2026-09-25 00:00:00,19.2,31,949.8,2.43,4.38,4.59,194,222,222,4.3
WT_1,43.645139,78.535611,2026-09-25 01:00:00,17.9,34,949.8,1.7,4.68,4.91,246,267,267,3.9
WT_1,43.645139,78.535611,2026-09-25 02:00:00,18.1,36,950.1,2.35,5.85,6.13,270,268,268,4.0
WT_1,43.645139,78.535611,2026-09-25 03:00:00,17.4,41,950.4,2.61,6.32,6.62,253,261,261,4.5
WT_1,43.645139,78.535611,2026-09-25 04:00:00,17.2,41,950.6,2.97,6.67,6.99,250,258,258,5.1
WT_1,43.645139,78.535611,2026-09-25 05:00:00,16.9,42,950.9,3.15,6.78,7.1,255,263,263,5.3
WT_1,43.645139,78.535611,2026-09-25 06:00:00,16.4,45,951.4,3.91,7.28,7.63,260,265,265,6.5
WT_1,43.645139,78.535611,2026-09-25 07:00:00,16.7,46,952.4,4.1,6.49,6.8,252,257,257,7.3
WT_1,43.645139,78.535611,2026-09-25 08:00:00,17.7,43,952.9,3.73,5.04,5.28,250,250,250,7.2
WT_1,43.645139,78.535611,2026-09-25 09:00:00,19.1,39,953.0,3.37,4.34,4.54,252,249,249,7.2
WT_1,43.645139,78.535611,2026-09-25 10:00:00,21.5,33,953.2,4.02,5.01,5.24,265,263,263,8.1
WT_1,43.645139,78.535611,2026-09-25 11:00:00,23.0,28,953.0,4.55,5.76,6.04,267,266,266,9.4
WT_1,43.645139,78.535611,2026-09-25 12:00:00,24.3,24,952.6,4.5,5.56,5.82,269,268,268,9.5
WT_2,43.643194,78.538833,2026-09-23 13:00:00,26.3,26,952.6,1.4,1.51,1.59,4,356,356,5.4
WT_2,43.643194,78.538833,2026-09-23 14:00:00,27.0,24,952.0,2.37,2.82,2.95,305,300,300,6.6
WT_2,43.643194,78.538833,2026-09-23 15:00:00,27.0,23,951.7,3.91,4.88,5.11,286,284,284,8.2
WT_2,43.643194,78.538833,2026-09-23 16:00:00,26.1,21,951.7,4.56,5.81,6.08,274,273,273,8.9
WT_2,43.643194,78.538833,2026-09-23 17:00:00,25.1,22,951.8,3.99,5.68,5.95,258,261,261,8.7
WT_2,43.643194,78.538833,2026-09-23 18:00:00,22.8,24,951.5,3.48,6.37,6.67,231,246,246,6.8
WT_2,43.643194,78.538833,2026-09-23 19:00:00,21.5,27,951.8,3.22,6.46,6.77,224,238,238,5.8
WT_2,43.643194,78.538833,2026-09-23 20:00:00,20.5,31,951.8,2.42,5.75,6.02,210,231,231,5.3
WT_2,43.643194,78.538833,2026-09-23 21:00:00,19.9,32,951.6,2.67,6.19,6.48,210,235,235,4.1
WT_2,43.643194,78.538833,2026-09-23 22:00:00,19.8,31,951.3,3.29,6.73,7.05,210,231,231,5.4
WT_2,43.643194,78.538833,2026-09-23 23:00:00,18.7,35,950.6,2.83,5.89,6.17,197,226,226,5.4
WT_2,43.643194,78.538833,2026-09-24 00:00:00,17.2,41,950.2,2.02,4.64,4.85,189,230,230,4.6
WT_2,43.643194,78.538833,2026-09-24 01:00:00,16.3,46,949.7,1.75,3.68,3.85,182,235,235,3.4
WT_2,43.643194,78.538833,2026-09-24 02:00:00,15.4,51,949.2,1.3,2.46,2.58,176,243,243,3.2
WT_2,43.643194,78.538833,2026-09-24 03:00:00,14.5,57,949.1,0.67,0.73,0.77,167,266,266,2.6
WT_2,43.643194,78.538833,2026-09-24 04:00:00,14.1,61,949.0,0.94,0.69,0.73,155,129,129,2.0
WT_2,43.643194,78.538833,2026-09-24 05:00:00,13.2,68,948.8,1.5,1.42,1.49,154,128,128,3.2
WT_2,43.643194,78.538833,2026-09-24 06:00:00,13.1,69,948.9,1.78,2.15,2.25,148,94,94,3.5
WT_2,43.643194,78.538833,2026-09-24 07:00:00,16.9,52,950.4,3.0,4.3,4.51,108,85,85,4.5
WT_2,43.643194,78.538833,2026-09-24 08:00:00,20.2,34,951.2,3.18,4.36,4.57,71,76,76,6.4
WT_2,43.643194,78.538833,2026-09-24 09:00:00,21.6,30,951.3,4.09,5.11,5.35,55,60,60,8.4
WT_2,43.643194,78.538833,2026-09-24 10:00:00,23.1,28,951.3,4.75,5.88,6.16,53,55,55,9.7
WT_2,43.643194,78.538833,2026-09-24 11:00:00,24.7,25,950.9,4.58,5.61,5.87,50,51,51,10.1
WT_2,43.643194,78.538833,2026-09-24 12:00:00,26.1,20,950.3,3.46,4.1,4.29,45,45,45,9.7
WT_2,43.643194,78.538833,2026-09-24 13:00:00,26.9,17,950.0,1.99,2.29,2.4,28,27,27,8.1
WT_2,43.643194,78.538833,2026-09-24 14:00:00,27.4,15,949.5,1.45,1.79,1.88,316,313,313,6.0
WT_2,43.643194,78.538833,2026-09-24 15:00:00,28.0,13,949.2,3.11,3.84,4.03,300,300,300,6.8
WT_2,43.643194,78.538833,2026-09-24 16:00:00,27.2,14,949.1,4.61,5.8,6.08,299,299,299,8.9
WT_2,43.643194,78.538833,2026-09-24 17:00:00,25.7,17,949.4,4.06,6.12,6.41,280,281,281,8.9
WT_2,43.643194,78.538833,2026-09-24 18:00:00,23.2,21,949.4,2.73,6.0,6.28,262,273,273,7.2
WT_2,43.643194,78.538833,2026-09-24 19:00:00,21.8,25,949.9,3.49,6.39,6.69,243,267,267,5.8
WT_2,43.643194,78.538833,2026-09-24 20:00:00,20.9,27,950.4,3.06,5.37,5.62,232,262,262,5.8
WT_2,43.643194,78.538833,2026-09-24 21:00:00,20.2,28,950.4,2.7,4.3,4.5,214,252,252,5.2
WT_2,43.643194,78.538833,2026-09-24 22:00:00,19.8,29,950.2,2.19,3.7,3.88,204,254,254,4.5
WT_2,43.643194,78.538833,2026-09-24 23:00:00,19.5,30,949.9,2.53,3.95,4.14,195,235,235,4.2
WT_2,43.643194,78.538833,2026-09-25 00:00:00,19.2,31,949.8,2.43,4.38,4.59,194,222,222,4.3
WT_2,43.643194,78.538833,2026-09-25 01:00:00,17.9,34,949.8,1.7,4.68,4.91,246,267,267,3.9
WT_2,43.643194,78.538833,2026-09-25 02:00:00,18.1,36,950.1,2.35,5.85,6.13,270,268,268,4.0
WT_2,43.643194,78.538833,2026-09-25 03:00:00,17.4,41,950.4,2.61,6.32,6.62,253,261,261,4.5
WT_2,43.643194,78.538833,2026-09-25 04:00:00,17.2,41,950.6,2.97,6.67,6.99,250,258,258,5.1
WT_2,43.643194,78.538833,2026-09-25 05:00:00,16.9,42,950.9,3.15,6.78,7.1,255,263,263,5.3
WT_2,43.643194,78.538833,2026-09-25 06:00:00,16.4,45,951.4,3.91,7.28,7.63,260,265,265,6.5
WT_2,43.643194,78.538833,2026-09-25 07:00:00,16.7,46,952.4,4.1,6.49,6.8,252,257,257,7.3
WT_2,43.643194,78.538833,2026-09-25 08:00:00,17.7,43,952.9,3.73,5.04,5.28,250,250,250,7.2
WT_2,43.643194,78.538833,2026-09-25 09:00:00,19.1,39,953.0,3.37,4.34,4.54,252,249,249,7.2
WT_2,43.643194,78.538833,2026-09-25 10:00:00,21.5,33,953.2,4.02,5.01,5.24,265,263,263,8.1
WT_2,43.643194,78.538833,2026-09-25 11:00:00,23.0,28,953.0,4.55,5.76,6.04,267,266,266,9.4
WT_2,43.643194,78.538833,2026-09-25 12:00:00,24.3,24,952.6,4.5,5.56,5.82,269,268,268,9.5
